1	1	0	2	19	12	0	2	0	0	0	2227	1	0
1	0	0	0	0	7	0	0	0	0	0	198	0	6
1	0	0	0	0	7	0	0	0	0	0	189	0	6
1	16	2	7	17	113	1	2	0	0	0	7714	1	20
1	3	0	1	0	3	0	0	0	0	0	525	0	0
1	3	0	1	0	3	0	0	0	0	0	525	0	0
1	0	0	0	0	0	0	0	0	0	0	491	0	0
1	0	0	0	0	75	0	12	0	0	0	598	0	29
1	0	0	0	0	299	0	45	0	0	0	3661	0	84
1	0	0	0	0	3	0	0	0	0	0	2081	0	48
1	2	0	2	0	56	0	2	0	0	0	3719	0	40
1	0	0	0	0	13	0	0	0	0	0	2166	0	46
1	0	0	0	1	9	0	0	0	0	0	2571	0	56
1	0	0	0	0	0	0	0	0	0	0	0	0	0
1	0	0	0	1	1	0	0	0	0	0	254	0	6
1	0	0	0	0	3	0	0	0	0	0	4313	16	83
